Scenario,ClusterID,Inventory_CBM
Cluster_K2,0,8732.14031848389
Cluster_K2,1,12336.813333750484
Cluster_K3,0,9740.088893810676
Cluster_K3,1,11319.208614917829
Cluster_K3,2,4744.795422432629
Cluster_K4,0,9814.498813491155
Cluster_K4,1,13070.29628167268
Cluster_K4,2,5090.528696896794
Cluster_K4,3,1820.6762079393743
Cluster_K5,0,10972.943256028622
Cluster_K5,1,14402.982601926407
Cluster_K5,2,5691.384103837325
Cluster_K5,3,2035.577882984491
Cluster_K5,4,210.05288401501542
